{
    "name": "root",
    "gauges": {
        "Crawler.Policy.Entropy.mean": {
            "value": 1.424700140953064,
            "min": 1.4195361137390137,
            "max": 1.4309613704681396,
            "count": 16
        },
        "Crawler.Policy.Entropy.sum": {
            "value": 41646.8359375,
            "min": 41646.8359375,
            "max": 43621.203125,
            "count": 16
        },
        "Crawler.Environment.EpisodeLength.mean": {
            "value": 973.4,
            "min": 873.0,
            "max": 999.0,
            "count": 16
        },
        "Crawler.Environment.EpisodeLength.sum": {
            "value": 29202.0,
            "min": 29202.0,
            "max": 30555.0,
            "count": 16
        },
        "Crawler.Step.mean": {
            "value": 479203.0,
            "min": 29001.0,
            "max": 479203.0,
            "count": 16
        },
        "Crawler.Step.sum": {
            "value": 479203.0,
            "min": 29001.0,
            "max": 479203.0,
            "count": 16
        },
        "Crawler.Policy.ExtrinsicValueEstimate.mean": {
            "value": 9.246292114257812,
            "min": 0.12153524905443192,
            "max": 9.246292114257812,
            "count": 16
        },
        "Crawler.Policy.ExtrinsicValueEstimate.sum": {
            "value": 277.3887634277344,
            "min": 3.646057367324829,
            "max": 277.3887634277344,
            "count": 16
        },
        "Crawler.Environment.CumulativeReward.mean": {
            "value": 114.97550201416016,
            "min": 6.892962066332499,
            "max": 114.97550201416016,
            "count": 16
        },
        "Crawler.Environment.CumulativeReward.sum": {
            "value": 3449.2650604248047,
            "min": 206.78886198997498,
            "max": 3449.2650604248047,
            "count": 16
        },
        "Crawler.Policy.ExtrinsicReward.mean": {
            "value": 114.97550201416016,
            "min": 6.892962066332499,
            "max": 114.97550201416016,
            "count": 16
        },
        "Crawler.Policy.ExtrinsicReward.sum": {
            "value": 3449.2650604248047,
            "min": 206.78886198997498,
            "max": 3449.2650604248047,
            "count": 16
        },
        "Crawler.Losses.PolicyLoss.mean": {
            "value": 0.017933753994293512,
            "min": 0.013032346025768977,
            "max": 0.02171465667100468,
            "count": 16
        },
        "Crawler.Losses.PolicyLoss.sum": {
            "value": 0.017933753994293512,
            "min": 0.013032346025768977,
            "max": 0.04342931334200936,
            "count": 16
        },
        "Crawler.Losses.ValueLoss.mean": {
            "value": 1.9613649169603984,
            "min": 0.016374847867215672,
            "max": 1.9613649169603984,
            "count": 16
        },
        "Crawler.Losses.ValueLoss.sum": {
            "value": 1.9613649169603984,
            "min": 0.019338438784082732,
            "max": 3.3748559872309367,
            "count": 16
        },
        "Crawler.Policy.LearningRate.mean": {
            "value": 0.0002861502046166001,
            "min": 0.0002861502046166001,
            "max": 0.00029936997021001,
            "count": 16
        },
        "Crawler.Policy.LearningRate.sum": {
            "value": 0.0002861502046166001,
            "min": 0.0002861502046166001,
            "max": 0.00059558994147002,
            "count": 16
        },
        "Crawler.Policy.Epsilon.mean": {
            "value": 0.19538339999999998,
            "min": 0.19538339999999998,
            "max": 0.19978999000000006,
            "count": 16
        },
        "Crawler.Policy.Epsilon.sum": {
            "value": 0.19538339999999998,
            "min": 0.19538339999999998,
            "max": 0.39852998000000006,
            "count": 16
        },
        "Crawler.Policy.Beta.mean": {
            "value": 0.004769631659999999,
            "min": 0.004769631659999999,
            "max": 0.004989520500999999,
            "count": 16
        },
        "Crawler.Policy.Beta.sum": {
            "value": 0.004769631659999999,
            "min": 0.004769631659999999,
            "max": 0.009926646001999998,
            "count": 16
        },
        "Crawler.IsTraining.mean": {
            "value": 1.0,
            "min": 1.0,
            "max": 1.0,
            "count": 16
        },
        "Crawler.IsTraining.sum": {
            "value": 1.0,
            "min": 1.0,
            "max": 1.0,
            "count": 16
        }
    },
    "metadata": {
        "timer_format_version": "0.1.0",
        "start_time_seconds": "1765544716",
        "python_version": "3.10.12 | packaged by Anaconda, Inc. | (main, Jul  5 2023, 19:01:18) [MSC v.1916 64 bit (AMD64)]",
        "command_line_arguments": "C:\\Users\\Michal\\.conda\\envs\\mlagents\\Scripts\\mlagents-learn NewAnim.yaml --run-id=newAnim0005 --force",
        "mlagents_version": "1.2.0.dev0",
        "mlagents_envs_version": "1.2.0.dev0",
        "communication_protocol_version": "1.5.0",
        "pytorch_version": "2.2.2+cu121",
        "numpy_version": "1.23.5",
        "end_time_seconds": "1765547945"
    },
    "total": 3229.246047400011,
    "count": 1,
    "self": 0.0044384999928297475,
    "children": {
        "run_training.setup": {
            "total": 0.06466060000821017,
            "count": 1,
            "self": 0.06466060000821017
        },
        "TrainerController.start_learning": {
            "total": 3229.17694830001,
            "count": 1,
            "self": 6.55887760935002,
            "children": {
                "TrainerController._reset_env": {
                    "total": 4.429278399999021,
                    "count": 1,
                    "self": 4.429278399999021
                },
                "TrainerController.advance": {
                    "total": 3218.0754422906466,
                    "count": 507443,
                    "self": 6.437102390278596,
                    "children": {
                        "env_step": {
                            "total": 3117.025313401944,
                            "count": 507443,
                            "self": 1879.315582300289,
                            "children": {
                                "SubprocessEnvManager._take_step": {
                                    "total": 1233.2404985990142,
                                    "count": 507443,
                                    "self": 21.411746903293533,
                                    "children": {
                                        "TorchPolicy.evaluate": {
                                            "total": 1211.8287516957207,
                                            "count": 506937,
                                            "self": 1211.8287516957207
                                        }
                                    }
                                },
                                "workers": {
                                    "total": 4.469232502640807,
                                    "count": 507442,
                                    "self": 0.0,
                                    "children": {
                                        "worker_root": {
                                            "total": 3097.6479398986557,
                                            "count": 507442,
                                            "is_parallel": true,
                                            "self": 1642.3296930043434,
                                            "children": {
                                                "steps_from_proto": {
                                                    "total": 0.00017540001135785133,
                                                    "count": 1,
                                                    "is_parallel": true,